WP5 Country,country,Regional indicator,Ladder score,Standard error of ladder score,Logged GDP per capita,Social support,Healthy life expectancy,Freedom to make life choices,Generosity,Perceptions of corruption,Ladder score in Dystopia,Dystopia + residual,Explained by: Log GDP per capita,Explained by: Social support,Explained by: Healthy life expectancy,Explained by: Freedom to make life choices,Explained by: Generosity,Explained by: Perceptions of corruption,Trust in national government,Democratic Quality 2012,Delivery Quality 2012,"Most people can be trusted, Gallup, mostly 2009-10","Most people can be trusted, WVS round 1981-1984","Most people can be trusted, WVS round 1989-1993","Most people can be trusted, WVS round 1994-1998","Most people can be trusted, WVS round 1999-2004","Most people can be trusted, WVS round 2005-2009","Most people can be trusted, WVS round 2010-2014"
184 Switzerland,Switzerland,Western Europe,7.5869998932,0.034111578,10.8572826385,0.9531363249,72.7368621826,0.9477239847,0.0806921944,0.3014021218,2.0989763737,2.5173830986,1.396505475,1.3495050669,0.9414322972,0.6655732989,0.2967752814,0.4197767973,0.758918643,1.5345878601,1.8764284849,0.437881887,,0.265255481,0.3784790933,,0.518936038,
130 Iceland,Iceland,Western Europe,7.5609998703,0.0488361306,10.5685338974,0.9752403498,72.9685592651,0.9128113985,0.2578948438,0.7418340445,2.0989763737,2.7020130157,1.3023235798,1.4022310972,0.9478443265,0.6287720799,0.4362967312,0.1414513737,0.322589606,1.337266326,1.5216201544,,,,,,,
025 Denmark,Denmark,Western Europe,7.5269999504,0.033283256,10.6395206451,0.9577795267,70.3233947754,0.9323652983,0.1373514384,0.200448066,2.0989763737,2.4920415878,1.3254776001,1.360580802,0.8746413589,0.6493837237,0.3413862288,0.4835734665,0.4654527009,1.2996228933,2.000510931,0.6675152779,,,,,,
160 Norway,Norway,Western Europe,7.521999836,0.0388016663,11.048871994,0.9453594685,70.7052536011,0.9516690969,0.1444675773,0.3880285919,2.0989763737,2.4653115273,1.4589966536,1.3309545517,0.885209024,0.6697317958,0.3469891548,0.3650342524,0.6883961558,1.5316183567,1.9039245844,,,,0.6477373838,,0.7373046875,
046 Canada,Canada,North America and ANZ,7.4270000458,0.0355260335,10.6420164108,0.9418604374,71.4431915283,0.9167916179,0.2855980694,0.4441437423,2.0989763737,2.4517555237,1.3262915611,1.3226081133,0.9056308866,0.6329675913,0.4581090212,0.3295730054,0.4922108948,1.2683138847,1.7805492878,0.4508440793,,,,0.3854691982,0.4185004532,
121 Finland,Finland,Western Europe,7.4060001373,0.0313966125,10.5315132141,0.9400389194,70.846244812,0.9250696301,0.0003376037,0.3109899163,2.0989763737,2.6195511818,1.2902485132,1.3182630539,0.8891108632,0.6416934133,0.2335076481,0.4137178957,0.4925111532,1.5016219616,2.0494432449,0.5965794921,0.5717192292,,0.4792299867,,0.580378592,
015 Netherlands,Netherlands,Western Europe,7.3779997826,0.0279852431,10.6516819,0.9240706563,70.9809341431,0.9004685283,0.308452934,0.462236613,2.0989763737,2.4657034874,1.32944417,1.2801730633,0.8928382993,0.6157615185,0.4761039317,0.3181394339,0.5416449308,1.3990682364,1.8806020021,0.4898374081,,,,,0.4357234538,0.6617569923
023 Sweden,Sweden,Western Europe,7.3639998436,0.0315662697,10.6586227417,0.9278006554,71.6323471069,0.9422442317,0.1643199623,0.2718753219,2.0989763737,2.3711905479,1.3317080736,1.289070487,0.9108656645,0.6597970724,0.3626200557,0.4384358823,0.5838635564,1.436961174,2.0183410645,0.5931246877,0.5707896352,,0.5659068227,0.6371845007,0.6797278523,0.6078272462
055 New Zealand,New Zealand,North America and ANZ,7.2859997749,0.0337134078,10.4086828232,0.9406306148,71.5421905518,0.9228727221,0.3070636988,0.2864657938,2.0989763737,2.2642521858,1.2501846552,1.3196744919,0.9083706141,0.6393776536,0.4750100672,0.4292156398,0.6136780977,1.4992164373,1.9572234154,,,,0.4838709533,,0.5116022229,0.5622732639
047 Australia,Australia,North America and ANZ,7.2839999199,0.0408311933,10.6643743515,0.9362514019,72.3799819946,0.9341298342,0.25703004,0.4017469585,2.0989763737,2.2664604187,1.3335841894,1.3092285395,0.9315558672,0.6512437463,0.4356158376,0.3563651145,0.4406563044,1.2497929335,1.7807537317,,0.4781493843,,0.3944920599,,0.4613790214,0.5181400776
038 Israel,Israel,Middle East and North Africa,7.2779998779,0.0346961021,10.3424158096,0.9004923701,71.7408676147,0.7082919478,0.1250727177,0.8424753547,2.0989763737,3.0885424614,1.2285701036,1.2239304781,0.9138688445,0.4131889641,0.3317185044,0.0778523535,0.4123800397,-0.2260727435,1.0395100117,0.2731906176,,,,0.230252102,,
082 Costa Rica,Costa Rica,Latin America and Caribbean,7.2259998322,0.0445361547,9.5060834885,0.9063408375,69.8042221069,0.9175425768,0.0275910366,0.7982093692,2.0989763737,3.1772756577,0.955781579,1.2378810644,0.8602736592,0.6337592006,0.254965812,0.1058256924,0.31460163,0.8448982835,0.5269802809,0.1290973276,,,,,,
089 Austria,Austria,Western Europe,7.1999998093,0.037508823,10.6755590439,0.931142211,70.8936080933,0.9086018801,0.1240140051,0.6701334119,2.0989763737,2.533203125,1.3372322321,1.297041297,0.890421629,0.6243348122,0.3308849335,0.1867616773,0.4031969309,1.392406106,1.5657997131,0.3326446414,,,,,,
034 Mexico,Mexico,Latin America and Caribbean,7.1869997978,0.0417637825,9.7046089172,0.7707748413,68.1481781006,0.7733919621,-0.1174839586,0.6284188032,2.0989763737,3.6021432877,1.0205351114,0.9145077467,0.8144438863,0.4818106294,0.1407402158,0.2131227106,0.3606884181,-0.2897407711,-0.0436212495,0.2762003243,0.1765348017,0.3056105673,0.2942421734,0.2079574168,0.1549839228,0.1240620315
001 United States,United States,North America and ANZ,7.118999958,0.0383908898,10.8511648178,0.9102108479,69.8588409424,0.8343205452,0.213130787,0.7142292857,2.0989763737,2.5101094246,1.3945100307,1.2471125126,0.861785233,0.5460351706,0.4010515213,0.1588958502,0.3393108845,0.8750867248,1.4448657036,0.4243951738,0.4535478652,,0.3495129347,0.3551853299,0.3934514523,0.3513945043
033 Brazil,Brazil,Latin America and Caribbean,6.9829998016,0.0407600626,9.5841264725,0.9042413235,63.9052200317,0.7816255689,-0.1111357212,0.6884083152,2.0989763737,3.2600140572,0.9812370539,1.2328730822,0.6970232129,0.4904896319,0.1457385272,0.1752130836,0.3968628049,0.2480162978,-0.0535629019,0.1364740133,,0.0660198629,,,0.0938110948,0.0706378445
144 Luxembourg,Luxembourg,Western Europe,6.9460000992,0.0349888951,11.370513916,0.8986875415,71.9242095947,0.900537312,0.0598138422,0.3675476313,2.0989763737,1.9696130753,1.5639073849,1.2196252346,0.9189427495,0.6158339977,0.2803365886,0.377976954,0.6965203881,1.4826966524,1.8278241158,0.2898989916,,,,,,
132 Ireland,Ireland,Western Europe,6.9400000572,0.036761377,10.6716470718,0.9615086317,71.0710754395,0.9023753405,0.2867417336,0.5114670396,2.0989763737,1.97569561,1.3359563351,1.3694760799,0.8953328729,0.6177714467,0.4590094686,0.2870289087,0.3867465258,1.1228562593,1.5660760403,0.3529411852,,,,,,
016 Belgium,Belgium,Western Europe,6.9369997978,0.0359549187,10.5853729248,0.9263724089,71.1192703247,0.8708144426,-0.0136458371,0.608997643,2.0989763737,2.4148411751,1.3078160286,1.2856636047,0.896666646,0.5845032334,0.2224977314,0.2253956646,0.4839423001,1.1243653297,1.4400105476,0.2936427891,,,,,,
193 United Arab Emirates,United Arab Emirates,Middle East and North Africa,6.9010000229,0.03729482,10.9515886307,0.8593335748,67.9604644775,0.9249507189,0.039416384,0.3551158905,2.0989763737,2.2474317551,1.4272655249,1.1257519722,0.8092490435,0.6415680647,0.2642765343,0.3858330548,,-0.0589398108,0.8867037296,0.1782700419,,,,,,
012 United Kingdom,United Kingdom,Western Europe,6.867000103,0.0186646618,10.4583187103,0.9262940884,71.5804519653,0.8819612861,0.3630871773,0.4582357705,2.0989763737,1.9699378014,1.2663744688,1.2854768038,0.9094294906,0.5962530971,0.5191204548,0.3206677437,0.4140639007,0.8670911789,1.6245371103,0.3760162592,,,0.3044983149,,0.3005583584,
161 Oman,Oman,Middle East and North Africa,6.853000164,0.0533546358,10.7457103729,0.840915978,66.280632019,0.9165735841,-0.022635838,0.4509950876,2.0989763737,2.4748873711,1.36011374,1.0818194151,0.7627609968,0.6327377558,0.2154193819,0.3252433836,,-0.2468203902,0.3499852419,,,,,,,
032 Venezuela,Venezuela,Latin America and Caribbean,6.8099999428,0.064759694,9.7772750854,0.9139195085,64.7543563843,0.7233694792,-0.2220462412,0.7905056477,2.0989763737,3.1913087368,1.0442367792,1.2559589148,0.7205224633,0.4290821254,0.0584125407,0.1106939614,0.4637807906,-0.9577359557,-1.3998399973,0.1493374109,,,0.1333333403,0.1583333313,,
028 Singapore,Singapore,Southeast Asia,6.7979998589,0.0378041938,11.2415990829,0.8150005937,75.7654953003,0.8309823275,0.0988205522,0.1869558841,2.0989763737,1.8850126266,1.5218589306,1.0200020075,1.0252474546,0.5425164104,0.3110487163,0.4920996428,0.8500191569,0.7124015093,2.0096428394,0.2907331884,,,,0.166693449,,0.3739060462
163 Panama,Panama,Latin America and Caribbean,6.7859997749,0.0491035804,9.8364210129,0.8898327947,67.5036392212,0.8305909038,0.0140912589,0.8189808726,2.0989763737,2.8484771252,1.0635285378,1.1985034943,0.7966067791,0.5421037674,0.2443366647,0.0926994011,0.4064452648,0.1494740844,0.0216901992,0.2087132782,,,,,,
014 Germany,Germany,Western Europe,6.75,0.0184843764,10.6470174789,0.9321190119,70.9455337524,0.8995320201,0.0621040203,0.6200229526,2.0989763737,2.1156907082,1.327922821,1.2993712425,0.8918586373,0.6147743464,0.2821397781,0.2184283584,0.5704888701,1.0774201155,1.6320431232,0.326572001,,,0.3213227987,,0.3435913622,0.4474876523
104 Chile,Chile,Latin America and Caribbean,6.6700000763,0.0579999797,9.9701681137,0.8587943316,69.7425765991,0.7349800467,0.127505362,0.7620264292,2.0989763737,2.6758475304,1.1071531773,1.124465704,0.8585676551,0.4413207769,0.3336338699,0.1286910474,0.3259673119,0.6947005391,1.4303545952,0.1609829515,,0.2206666619,0.2137700021,0.2217666656,0.1247090772,0.126401633
168 Qatar,Qatar,Middle East and North Africa,6.611000061,0.0625719652,11.7583694458,0.8395673037,67.5298538208,0.9238383174,0.1174685583,0.139517799,2.0989763737,1.5567445755,1.690415144,1.078602314,0.7973322272,0.6403955221,0.3257313371,0.5220775604,,0.210745424,0.9906333685,0.2702418566,,,,,,0.2142799795
013 France,France,Western Europe,6.5749998093,0.0351195633,10.4932966232,0.9157708883,72.8941802979,0.8381864429,-0.1396135837,0.6389638186,2.0989763737,2.2112574577,1.2777832747,1.2603751421,0.9457859397,0.5501102209,0.1233163327,0.2064589113,0.3581933379,0.8864215612,1.3232890368,0.2201834917,,,,,0.187642321,
087 Argentina,Argentina,Latin America and Caribbean,6.5739998817,0.0461230837,9.8056907654,0.9106807113,67.1648178101,0.7429638505,-0.1508003324,0.8314232826,2.0989763737,2.8359971046,1.0535051823,1.2482333183,0.787230134,0.4497364759,0.1145083904,0.0848365724,0.419626981,0.1587570012,-0.6047220826,0.2002022266,0.2700732946,0.2235528976,0.1708436161,0.1501535326,0.1740575284,0.1935307235
021 Czech Republic,Czech Republic,Central and Eastern Europe,6.5050001144,0.0416834764,10.1903848648,0.893157661,69.2462310791,0.7561570406,-0.1605180353,0.9237059355,2.0989763737,2.6778185368,1.1789819002,1.2064344883,0.8448317051,0.4636433721,0.1068571061,0.0265197121,0.2507911325,0.9844459891,0.8036892414,0.2730443478,,0.3022751808,0.2851919532,,,
194 Uruguay,Uruguay,Latin America and Caribbean,6.4850001335,0.0453864075,9.8307037354,0.8941913843,68.0455474854,0.8889533877,-0.0010694591,0.5770559311,2.0989763737,2.3214182854,1.0616637468,1.2089003325,0.8116036654,0.6036234498,0.2323997915,0.2455808222,0.5678469539,0.8662542105,0.6758514047,0.2743870616,,,0.2164048105,,0.2843930721,0.1443514675
105 Colombia,Colombia,Latin America and Caribbean,6.4770002365,0.0505132675,9.3921289444,0.9073063731,63.6792221069,0.8235294223,-0.0625298694,0.8846532106,2.0989763737,2.8573720455,0.9186127782,1.2401843071,0.6907688975,0.5346603394,0.1840086132,0.0511985905,0.3161045611,-0.7572907209,-0.1070712954,0.1401209682,,,0.1072199196,,0.1431404948,0.0412782952
051 Thailand,Thailand,Southeast Asia,6.4549999237,0.0355668031,9.5401802063,0.9177285433,65.4038772583,0.844383955,0.4357149005,0.9152401686,2.0989763737,2.3194494247,0.9669030309,1.2650448084,0.738497436,0.5566430092,0.5763043165,0.0318695456,0.6582366824,-0.7737816572,-0.019740209,0.2394014895,,,,,0.4150819778,0.3249125183
005 Saudi Arabia,Saudi Arabia,Middle East and North Africa,6.4109997749,0.0463277698,10.8539247513,0.8417987227,64.7445526123,0.6108540297,-0.122162804,0.4509950876,2.0989763737,2.4387154579,1.3954102993,1.083925128,0.720251143,0.310480088,0.137056306,0.3252433836,,-1.1288250685,0.0770537481,0.3353535235,,,,0.5053262115,,
017 Spain,Spain,Western Europe,6.3289999962,0.034679994,10.3471508026,0.9381626844,73.2496948242,0.7522320151,-0.0647345036,0.8644226789,2.0989763737,2.1236662865,1.2301145792,1.3137875795,0.9556245208,0.459506005,0.182272777,0.0639830232,0.256616503,0.5138193369,1.0358726978,0.2582914531,,0.2923829556,0.2866726518,0.3269098401,0.1983796358,0.1907789558
148 Malta,Malta,Western Europe,6.3020000458,0.0420551151,10.2775125504,0.9332326055,70.7776565552,0.8889788389,0.3610503674,0.7506893873,2.0989763737,1.6487956047,1.2074004412,1.3020275831,0.8872127533,0.6036502719,0.5175167918,0.1358553469,0.6514478922,1.0919783115,1.2136852741,0.1746192873,,,,,,
069 Taiwan,Taiwan,East Asia,6.2979998589,0.0386831127,10.5337686539,0.8385487199,70.3470840454,0.6933152676,0.0260561593,0.8370335102,2.0989763737,2.3232250214,1.2909841537,1.0761727095,0.8752969503,0.3974021077,0.253757298,0.0812912583,0.2857628763,0.8519598246,1.022367835,0.3917098343,,,0.3716129065,,0.2417405844,0.3030688465
137 Kuwait,Kuwait,Middle East and North Africa,6.2950000763,0.0445640348,11.3408041,0.8761795163,64.9133987427,0.8428182602,-0.0901299939,0.5604239106,2.0989763737,1.8763389587,1.5542168617,1.1659356356,0.7249237895,0.5549926162,0.1622775048,0.2560912073,,-0.2220259458,0.0247018915,0.1134903654,,,,,,0.291536063
182 Suriname,Suriname,Latin America and Caribbean,6.2690000534,0.0981111154,9.627368927,0.7948756814,60.695476532,0.8822646737,-0.0804380849,0.7499344349,2.0989763737,2.7909383774,0.9953415394,0.9719968438,0.6081960201,0.596572876,0.1699084938,0.1363324225,0.7156525254,0.1794635355,-0.2095048726,,,,,,,
189 Trinidad & Tobago,Trinidad and Tobago,Latin America and Caribbean,6.1680002213,0.1089457497,10.2911062241,0.8835610747,60.9352798462,0.8464715481,0.1082025245,0.9476316571,2.0989763737,2.2688176632,1.2118344307,1.1835432053,0.6148324013,0.5588434935,0.3184356689,0.011400152,0.3839071691,0.2797938287,0.0355355069,,,,,,0.0382418521,0.0320320316
116 El Salvador,El Salvador,Latin America and Caribbean,6.1300001144,0.0561834052,8.9197759628,0.8171254992,63.1948814392,0.699097991,-0.1604322195,0.7793200016,2.0989763737,3.034996748,0.7645442486,1.0250706673,0.6773651242,0.4034976661,0.106924668,0.117762588,0.3351942003,0.0656012371,-0.2373548746,0.1713852435,,,0.1411483288,,,
124 Guatemala,Guatemala,Latin America and Caribbean,6.123000145,0.0522388034,8.8614902496,0.8248773217,61.9982948303,0.8640090227,0.0528933071,0.8157826662,2.0989763737,2.7425537109,0.7455330491,1.0435614586,0.6442505121,0.5773296952,0.274887681,0.0947204679,0.4466056526,-0.5213410258,-0.6630496979,0.1570000052,,,,,0.1493029892,
195 Uzbekistan,Uzbekistan,Commonwealth of Independent States,6.0029997826,0.0436067022,8.5147533417,0.9493328333,60.3168983459,0.9407415986,-0.0061840438,0.4778735638,2.0989763737,2.2374095917,0.6324370503,1.3404324055,0.5977191329,0.6582131982,0.2283727974,0.3082578778,,-1.2526801825,-1.261043191,0.2778355777,,,,,,0.1392235607
175 Slovakia,Slovakia,Central and Eastern Europe,5.9949998856,0.0426654443,10.1595020294,0.9198004603,67.2295608521,0.6175244451,-0.0816830769,0.9113801718,2.0989763737,2.2463853359,1.1689087152,1.2699871063,0.7890218496,0.3175113499,0.1689282358,0.034308821,0.3219673336,1.0123399496,0.5959967971,0.2115971446,,0.230107531,0.2575342357,,,
029 Japan,Japan,East Asia,5.9869999886,0.0358113647,10.4716892242,0.9144045115,74.5320129395,0.7869929075,-0.1602686793,0.6798799038,2.0989763737,1.6843509674,1.2707356215,1.2571158409,0.9911116958,0.4961473346,0.1070534363,0.1806025058,0.3054170907,1.011131525,1.3633877039,0.3658536673,0.4076225758,0.3758654892,,0.3964757621,0.3658758998,0.3593941927
068 South Korea,South Korea,East Asia,5.984000206,0.0409780964,10.3915786743,0.7888996601,73.6020584106,0.6313499212,-0.0605525263,0.8413408399,2.0989763737,2.2197766304,1.2446057796,0.9577419162,0.9653759003,0.3320847154,0.1855654866,0.0785693005,0.3045543432,0.4284518361,0.8797824979,0.2616161704,0.3801742792,0.3417412639,0.302642107,0.2733333409,0.2824974656,0.2659232616
115 Ecuador,Ecuador,Latin America and Caribbean,5.9749999046,0.0452812649,9.2247619629,0.806208849,67.2920455933,0.7771221399,-0.1496572047,0.6794140339,2.0989763737,2.5394246578,0.8640222549,0.9990305305,0.7907510996,0.4857425988,0.1154084355,0.180896908,0.6355055571,-0.4667311311,-0.8412556648,0.1283095777,,,,,,0.0716069937
092 Bahrain,Bahrain,Middle East and North Africa,5.9600000381,0.0541219302,10.6342611313,0.8972700238,65.7168045044,0.7478792667,-0.075722456,0.481451124,2.0989763737,1.7379689217,1.3237620592,1.2162439823,0.7471574545,0.4549177885,0.1736213565,0.3059970737,,-1.2234352827,0.4743326604,0.1059160307,,,,,,0.3350000083
018 Italy,Italy,Western Europe,5.9479999542,0.0391430445,10.4116020203,0.8895272613,73.207649231,0.5652011037,-0.006363058,0.9197708964,2.0989763737,2.0251784325,1.2511367798,1.1977747679,0.9544609785,0.262357533,0.2282318473,0.0290064104,0.2648447156,0.6957473159,0.3693263829,0.2307692319,,,,,0.282520324,
096 Bolivia,Bolivia,Latin America and Caribbean,5.8899998665,0.0564164929,8.6646623611,0.7975656986,58.2022094727,0.8609810472,-0.0354068875,0.8264214396,2.0989763737,2.8233385086,0.6813332438,0.9784135222,0.5391967297,0.5741379261,0.2053640336,0.0879974291,0.433858484,-0.3174243569,-0.7382867336,0.1200406924,,,,,,
075 Moldova,Moldova,Commonwealth of Independent States,5.888999939,0.0379907265,8.3983678818,0.8130191565,61.0590400696,0.6276445985,-0.0301352143,0.9401169419,2.0989763737,3.1071219444,0.5944753289,1.0152755976,0.6182573438,0.3281789422,0.2095147222,0.0161489826,0.1770385504,-0.0314718932,-0.4056828618,0.1276150644,,,0.2184959352,0.1413570493,0.1759082228,
164 Paraguay,Paraguay,Latin America and Caribbean,5.8779997826,0.0456274264,8.9053726196,0.9343829155,62.6028060913,0.8276343942,0.1386356205,0.8352539539,2.0989763737,2.1889572144,0.7598462701,1.3047715425,0.6609799266,0.5389873385,0.3423973322,0.0824158266,0.3329515159,-0.4960611463,-0.7332677245,0.1424242407,,,,,,
073 Kazakhstan,Kazakhstan,Commonwealth of Independent States,5.8550000191,0.0411370657,10.0173454285,0.8579321504,61.9777641296,0.8062893748,-0.1460209638,0.8318967223,2.0989763737,2.2472872734,1.1225411892,1.1224091053,0.6436823606,0.516487658,0.1182714477,0.0845373869,0.6615476012,-0.7620824575,-0.5936121941,0.3392299712,,,,,,0.3833274543
176 Slovenia,Slovenia,Central and Eastern Europe,5.8480000496,0.0425136089,10.2087678909,0.9214188457,70.2774963379,0.893630147,0.0254516825,0.9057469964,2.0989763737,1.6158261299,1.1849778891,1.27384758,0.8733711839,0.6085531712,0.2532813549,0.0378686376,0.189357236,0.9462662935,0.8545454144,0.1605691016,,,0.1529294997,,0.1758989245,0.1998123825
143 Lithuania,Lithuania,Central and Eastern Europe,5.8330001831,0.0384290628,10.0930509567,0.9145430923,65.1429672241,0.5187776685,-0.2626955211,0.9493498802,2.0989763737,2.4464931488,1.1472342014,1.2574464083,0.7312769294,0.2134227753,0.0264071096,0.0103143426,0.2886702716,0.827191174,0.7626013756,0.2401656359,,,0.2130822539,,,
158 Nicaragua,Nicaragua,Latin America and Caribbean,5.8280000687,0.0537122414,8.3945980072,0.8660771251,65.5717926025,0.8425839543,0.0570382662,0.6599914432,2.0989763737,2.3240718842,0.5932456851,1.1418377161,0.743144393,0.5547456145,0.2781512439,0.193170771,0.587420702,-0.4475131333,-0.6759136319,0.114300102,,,,,,
165 Peru,Peru,Latin America and Caribbean,5.8239998817,0.0461456105,9.335644722,0.7959612608,65.1028060913,0.7099705935,-0.1059526354,0.8708942533,2.0989763737,2.5945029259,0.9001891613,0.9745863676,0.7301655412,0.4149584174,0.1498194635,0.059893392,0.2442091554,-0.3965751529,-0.1688205153,0.1018423736,,,0.0487200655,0.1059293821,0.0628909171,0.0840294212
071 Belarus,Belarus,Commonwealth of Independent States,5.8130002022,0.03938419,9.739522934,0.9042463899,65.31640625,0.6762153506,-0.1559372246,0.6635808945,2.0989763737,2.1309030056,1.0319230556,1.2328851223,0.7360767722,0.3793771863,0.1104638278,0.1909024566,0.5038229823,-0.7581647635,-0.8700356483,0.3474494815,,0.2502463162,0.2299235165,,,0.3290649354
019 Poland,Poland,Central and Eastern Europe,5.7909998894,0.0426333584,10.0265693665,0.9237797856,66.8685379028,0.8202614784,-0.0833804086,0.8990240693,2.0989763737,1.8656482697,1.1255497932,1.2794792652,0.7790307999,0.5312156081,0.16759184,0.0421171077,0.2280056477,1.0428655148,0.7386251092,0.281998992,,0.344665885,0.1691240221,,0.1817963421,0.2221158892
146 Malaysia,Malaysia,Southeast Asia,5.7699999809,0.0432958044,10.0244598389,0.8360581398,64.8777618408,0.8193354011,0.1238455325,0.7995063066,2.0989763737,1.8854084015,1.1248617172,1.0702317953,0.723937571,0.5302394032,0.3307523131,0.1050061062,0.7189237475,-0.1716540158,0.5912648439,0.106905371,,,,,0.0882597864,0.0853846148
109 Croatia,Croatia,Central and Eastern Europe,5.7589998245,0.0439360589,9.8947038651,0.7211950421,67.1945266724,0.5618574619,-0.2270921022,0.9272215366,2.0989763737,2.7541432381,1.0825388432,0.7962421775,0.7880523205,0.2588329911,0.0544396527,0.0242980719,0.2423108071,0.5306835771,0.3254029751,0.2111222148,,,0.2282608747,,,
141 Libya,Libya,Middle East and North Africa,5.7540001869,0.0783232823,10.0446443558,0.8563433886,64.1502304077,0.7116057873,-0.0638726875,0.7912402749,2.0989763737,2.0906624794,1.1314452887,1.1186193228,0.7038037181,0.4166820943,0.1829513311,0.1102297232,,-1.248957634,-1.4243135452,,,,,,,0.1008563936
076 Russia,Russia,Commonwealth of Independent States,5.7160000801,0.0313519314,10.0636491776,0.9056229591,62.9020576477,0.6642726064,-0.2937088609,0.9181195498,2.0989763737,2.2739415169,1.1376441717,1.2361687422,0.6692614555,0.3667883873,0.00198859,0.0300499573,0.4872056544,-0.893091917,-0.6542468667,0.2412731051,,0.3472718,0.2323529422,,0.2476493418,0.2812861204
135 Jamaica,Jamaica,Latin America and Caribbean,5.7090001106,0.1369335353,9.0602912903,0.8699275851,63.5576972961,0.7948381305,-0.0265949033,0.9292964339,2.0989763737,2.3203759193,0.8103764653,1.1510224342,0.6874058247,0.5044169426,0.212302193,0.0229868665,0.2927086651,0.2666653097,-0.1407042444,,,,,,,
202 Northern Cyprus,North Cyprus,Western Europe,5.6950001717,0.0563523471,10.2795295715,0.8359965086,72.091217041,0.7814161181,0.0361342914,0.7396945953,2.0989763737,1.5988807678,1.2080583572,1.070084691,0.9235645533,0.4902688563,0.2616923749,0.142803371,0.4092397094,,,,,,,,,
111 Cyprus,Cyprus,Western Europe,5.6890001297,0.0558008105,10.2797365189,0.7618336678,72.0911941528,0.7021554112,0.0928909704,0.8684161305,2.0989763737,1.8893067837,1.2081259489,0.8931798339,0.9235638976,0.4067204893,0.3063800633,0.0614594072,0.2642607391,0.815807879,1.2029019594,0.1004016101,,,,,0.0988750607,0.0751437247
084 Algeria,Algeria,Middle East and North Africa,5.6050000191,0.050993301,9.4555234909,0.8391971588,61.0374259949,0.5874276161,-0.1968853176,0.6905938387,2.0989763737,2.4320852757,0.9392903447,1.07771945,0.6176592112,0.2857863903,0.0782231241,0.1738319695,,-1.1275258064,-0.794190824,,,,,0.1076443046,,0.1792863309
198 Kosovo,Kosovo,Central and Eastern Europe,5.5890002251,0.0501783341,9.0330133438,0.7277911901,61.5312309265,0.551094532,0.0633178726,0.8906503916,2.0989763737,2.7657914162,0.8014791608,0.8119763732,0.6313248873,0.247487843,0.2830955088,0.0474087484,0.3401599824,-0.6831210852,-0.4031799436,0.1423296481,,,,,,
191 Turkmenistan,Turkmenistan,Commonwealth of Independent States,5.5479998589,0.041753307,9.5143404007,0.9016447663,58.1899833679,0.7679696679,-0.0805906132,0.4775893986,2.0989763737,1.8698363304,0.9584747553,1.2266793251,0.5388583541,0.4760950208,0.1697883904,0.3084374368,,-0.9294469953,-1.5270251036,0.2577002048,,,,,,
150 Mauritius,Mauritius,Sub-Saharan Africa,5.4770002365,0.0719706714,9.66497612,0.8004148006,64.3560028076,0.8481937647,0.1831486374,0.8466601372,2.0989763737,1.7614455223,1.0076080561,0.9852096438,0.7094982862,0.5606588721,0.3774449229,0.0752078369,0.6669625044,0.9102508426,0.7965952754,,,,,,,
027 Hong Kong,Hong Kong,East Asia,5.4739999771,0.0505129583,10.8251962662,0.8310052752,75.3332061768,0.8817960024,0.2051623762,0.3782109618,2.0989763737,0.6542925835,1.3860398531,1.0581789017,1.0132840872,0.5960788727,0.3947775364,0.3712384105,0.4579387903,0.801025033,1.7589164972,0.3434065878,,,,,0.4033546448,0.4833836854
119 Estonia,Estonia,Central and Eastern Europe,5.4289999008,0.0401301198,10.1068792343,0.9021617174,66.672744751,0.7421472669,-0.1859889925,0.7253896594,2.0989763737,1.587823391,1.1517446041,1.227912426,0.77361238,0.4488757253,0.0868024081,0.1518431902,0.316072315,0.8437280059,1.1181304455,0.3237287998,,,0.2105778605,,,0.3898699284
010 Indonesia,Indonesia,Southeast Asia,5.3990001678,0.0259567779,9.11515522,0.8431195021,61.7700233459,0.7584970593,0.3583013415,0.9656716585,2.0989763737,1.8639879227,0.8282715678,1.0870755911,0.6379332542,0.4661099613,0.5153523684,0,0.6703769565,-0.2723416388,-0.454777509,0.2463494986,,,,0.4569999874,0.4109961987,
050 Vietnam,Vietnam,Southeast Asia,5.3600001335,0.0310683399,8.5139036179,0.769831121,65.7024154663,0.8802416325,-0.0821012929,0.8004491329,2.0989763737,2.2017257214,0.6321598887,0.9122566581,0.7467592359,0.5944404006,0.1685989499,0.1044102982,0.8385253549,-0.5640513897,-0.508551836,0.299084425,,,,0.3869999945,0.5100536346,
008 Turkey,Turkey,Middle East and North Africa,5.3319997787,0.038638968,9.8286209106,0.7841106653,65.1590957642,0.5327503085,-0.1406082958,0.7165085077,2.0989763737,2.0852837563,1.0609843731,0.9463184476,0.7317233086,0.2281512767,0.1225331426,0.1574555188,0.5430079699,-0.7165209651,0.2559099197,0.0902636945,,0.0980582535,0.0646637604,0.187986806,0.0485524535,0.1187254488
074 Kyrgyzstan,Kyrgyzstan,Commonwealth of Independent States,5.2859997749,0.0382294282,8.0298614502,0.8699829578,62.2379875183,0.7287691236,0.0851716995,0.898709774,2.0989763737,2.23270154,0.4742786586,1.1511545181,0.6508838534,0.4347738922,0.3003022373,0.0423157215,0.4352372885,-0.7639576197,-0.8114479184,0.3458725214,,,,0.1658676863,,0.3772538006
035 Nigeria,Nigeria,Sub-Saharan Africa,5.2680001259,0.0419222638,8.5819406509,0.7665029764,44.5024147034,0.6420271993,0.0496480577,0.9018919468,2.0989763737,2.8931946754,0.6543517113,0.9043177962,0.1600652188,0.3433395922,0.2723324895,0.0403047875,0.3042380512,-1.3903852701,-1.0084241629,0.1167883202,,0.2167832106,0.1768759042,0.2532146275,,0.1501243711
095 Bhutan,Bhutan,South Asia,5.2529997826,0.0322513841,8.9377946854,0.8501935601,59.4622154236,0.8210668564,0.3133788705,0.7212670445,2.0989763737,1.6379442215,0.7704214454,1.1039497852,0.5740664005,0.5320645571,0.4799824059,0.1544484198,0.970166862,0.2450387478,0.0932255685,,,,,,,
090 Azerbaijan,Azerbaijan,Commonwealth of Independent States,5.2119998932,0.0336348005,9.7148895264,0.7805948853,61.8610572815,0.6676005125,-0.1971777827,0.7114471197,2.0989763737,2.0007283688,1.0238883495,0.9379320741,0.6404525638,0.3702962995,0.0779928565,0.1606540084,0.7471083999,-0.9742185473,-0.7816467881,0.2728194594,,,0.1943056881,,,0.1479329318
009 Pakistan,Pakistan,South Asia,5.1939997673,0.0372639932,8.4012804031,0.5609969497,57.3155593872,0.4311131239,0.1314113289,0.8000802994,2.0989763737,3.1070921421,0.5954253078,0.4141124785,0.5146593451,0.121015951,0.3367092609,0.1046433821,0.2847344875,-1.7749267817,-0.8716096282,0.2012509257,,,0.2037422061,0.2815000117,,0.2272470444
006 Jordan,Jordan,Middle East and North Africa,5.1919999123,0.0452444665,9.341126442,0.8292204738,63.8824958801,0.7020519376,-0.1558574438,0.7394909859,2.0989763737,1.8799557686,0.9019771814,1.0539214611,0.6963943839,0.4066114128,0.1105266437,0.1429320276,,-0.6223418713,0.1459010392,0.0949494913,,,,0.2741046846,0.3087309301,0.1324999928
154 Montenegro,Montenegro,Central and Eastern Europe,5.1919999123,0.0523534641,9.5631036758,0.767028749,64.9237976074,0.489533782,-0.0912489891,0.739453733,2.0989763737,2.1001663208,0.9743800163,0.9055719972,0.7252116203,0.1825969219,0.1613964587,0.1429555714,0.3841995895,0.3939858973,0.0089453598,0.2167571187,,,0.3041666746,0.3292452693,,
030 China,China,East Asia,5.1399998665,0.0242387671,9.3047590256,0.7842896581,68.225402832,0.8067480922,-0.1922732294,0.921661675,2.0989763737,1.8603956699,0.8901150823,0.9467453957,0.8165810108,0.5169711709,0.0818544775,0.0278115552,,-1.0610003471,-0.3050248921,0.5773906112,,0.5945945978,0.5040000081,0.5446057916,0.4967800379,0.6145190001
067 Zambia,Zambia,Sub-Saharan Africa,5.1290001869,0.0698825344,8.0178995132,0.7714494467,49.5315856934,0.779519558,-0.0474130176,0.7683792114,2.0989763737,2.6342976093,0.470377028,0.9161168933,0.2992437184,0.4882696867,0.1959109455,0.1246764809,0.5726702213,0.2291956097,-0.4235342741,0.2663316727,,,,,0.1104294509,
022 Romania,Romania,Central and Eastern Europe,5.1240000725,0.0660654604,9.774851799,0.7587717175,66.5025024414,0.6489886642,-0.1216276586,0.9554072022,2.0989763737,1.9312930107,1.0434464216,0.8858759999,0.7689010501,0.3506776392,0.1374776512,0.0064864941,0.2381462753,0.1851910353,-0.0073829195,0.1607601494,,,0.1791767627,,0.1966647506,0.0769174173
173 Serbia,Serbia,Central and Eastern Europe,5.123000145,0.0486362278,9.3980035782,0.8106586933,65.7602386475,0.5070574284,-0.0519877933,0.924258709,2.0989763737,2.0249969959,0.9205288887,1.0096449852,0.7483595014,0.2010685205,0.1923089623,0.0261703935,0.3362785876,-0.0288967099,-0.221449703,0.1489576399,,,0.2843750119,0.1833333373,,
166 Portugal,Portugal,Western Europe,5.1020002365,0.0480219238,10.1319141388,0.8650356531,70.3431930542,0.8045826554,-0.1219889298,0.9486168027,2.0989763737,1.2646210194,1.1599103212,1.1393535137,0.8751893044,0.514688611,0.137193203,0.010777602,0.215936482,0.8709677458,0.9527718425,0.2574358881,,,,,,
138 Latvia,Latvia,Central and Eastern Europe,5.0980000496,0.0463991314,9.9884624481,0.8467019796,64.8934249878,0.5977930427,-0.064748697,0.8654694557,2.0989763737,1.6221547127,1.1131203175,1.095621109,0.7243710756,0.2967125475,0.1822616011,0.0633215234,0.2120559812,0.5865646005,0.6869382262,0.1360946745,,,0.2391666621,,,
048 Philippines,Philippines,Southeast Asia,5.0729999542,0.0493375845,8.7382164001,0.8213551044,59.7177658081,0.909655869,0.0211709496,0.7713700533,2.0989763737,1.7535953522,0.7053245306,1.0351597071,0.5811386108,0.6254458427,0.2499108911,0.1227864549,0.7387071848,-0.6009656191,-0.2774954438,0.1163727939,,,0.0549999997,0.0829360187,,0.0315181278
199 Somaliland region,Somaliland region,Sub-Saharan Africa,5.0570001602,0.0616126023,7.1535987854,0.7862912416,54.5717391968,0.7582190037,0.3428463042,0.3338317275,2.0989763737,2.1103184223,0.188465938,0.9515199065,0.4387261868,0.4658168852,0.5031837225,0.3992832899,0.6512415409,,,0.4141519368,,,,,,
003 Morocco,Morocco,Middle East and North Africa,5.0130000114,0.0342032239,8.8285560608,0.6560918093,60.7440071106,0.7118267417,-0.2051483989,0.8304415345,2.0989763737,2.453725338,0.7347908616,0.6409476995,0.609539032,0.4169149995,0.0717171431,0.0854569748,0.4824351072,-0.5329414606,-0.186354652,,,,,0.2302893996,0.1299915016,0.1244743466
145 Macedonia,Macedonia,Central and Eastern Europe,5.0069999695,0.0537589379,9.3918027878,0.8075894117,65.2935791016,0.6337109208,-0.0122612668,0.8813729286,2.0989763737,1.7393302917,0.9185063839,1.0023236275,0.7354450226,0.3345734179,0.2235878557,0.0532715246,0.4157159328,-0.22233814,0.0143811479,0.1127285063,,,0.0753768831,0.1306876987,,
063 Mozambique,Mozambique,Sub-Saharan Africa,4.9710001945,0.0789551362,6.8305068016,0.8176245689,42.0179672241,0.6392068267,-0.0134004671,0.7187589407,2.0989763737,3.0513675213,0.0830822438,1.0262610912,0.0913100019,0.3403666317,0.2226909101,0.1560333818,0.6299282312,0.0826956555,-0.5718134046,,,,,,,
083 Albania,Albania,Central and Eastern Europe,4.9590001106,0.0501325354,9.2696847916,0.724589467,68.1051635742,0.655295372,-0.1149631962,0.8641952276,2.0989763737,1.8989386559,0.8786748648,0.8043391109,0.8132535219,0.3573255241,0.1427249461,0.0641267523,0.398994416,-0.0745058879,-0.3511158228,0.1260445714,,,0.2432432473,0.2319999933,,
097 Bosnia and Herzegovina,Bosnia and Herzegovina,Central and Eastern Europe,4.9489998817,0.0691257939,9.1272974014,0.7727230787,67.2940597534,0.4040130675,0.0188510381,0.9620863795,2.0989763737,2.0636680126,0.8322319984,0.9191550016,0.7908068299,0.092449896,0.2480843067,0.002265672,0.1539172381,-0.3377072811,-0.2644505203,0.1892437041,,,0.2475000024,0.1558333337,,
139 Lesotho,Lesotho,Sub-Saharan Africa,4.8979997635,0.0943817049,7.7268695831,0.8238167763,41.4689903259,0.6176775694,-0.0880914778,0.767806828,2.0989763737,2.7983210087,0.375451088,1.0410317183,0.0761174783,0.3176727295,0.1638825387,0.1250381917,0.3970632553,0.14520818,-0.2728133202,,,,,,,
114 Dominican Republic,Dominican Republic,Latin America and Caribbean,4.8850002289,0.0744601339,9.3208713531,0.8787304759,62.8655090332,0.8634316921,-0.0208351444,0.7404199243,2.0989763737,1.2130520344,0.8953704834,1.1720205545,0.6682500243,0.5767211318,0.2168371826,0.1423449963,0.4990746677,0.1440837383,-0.5570453405,0.1439355761,,,0.2517985702,,,
053 Laos,Laos,Southeast Asia,4.8759999275,0.0669778883,8.3866672516,0.6967895627,58.5596656799,0.8816338181,0.2396297604,0.5819398165,2.0989763737,1.7379925251,0.5906589031,0.7380263805,0.5490890145,0.5959079266,0.4219156206,0.2424945086,,-0.7706753612,-0.8959630132,,,,,,,
153 Mongolia,Mongolia,East Asia,4.8740000725,0.0331261083,9.1148920059,0.9326325059,60.4963340759,0.7301796675,0.1258129627,0.9234890342,2.0989763737,1.347594738,0.8281857371,1.300596118,0.6026848555,0.43626073,0.3323013783,0.0266567785,0.3370846808,0.2342450321,-0.4249647558,0.1415478587,,,,,,
183 Swaziland,Swaziland,Sub-Saharan Africa,4.867000103,0.0874216855,8.7588758469,0.8371497393,41.4522972107,0.6071572304,-0.0643301755,0.9172500968,2.0989763737,2.4867632389,0.7120630741,1.0728355646,0.0756555125,0.3065832853,0.1825911254,0.0305993967,0.3532808423,-0.8076908588,-0.481801182,,,,,,,
024 Greece,Greece,Western Europe,4.8569998741,0.0506235845,10.1139802933,0.7769899964,70.5938262939,0.3893435001,-0.2962345183,0.9435703754,2.0989763737,1.8010103703,1.1540607214,0.9293330908,0.8821253777,0.0769867674,0,0.0139666284,0.1527945995,0.2112224996,0.2361834198,0.1685166508,,,,,,
004 Lebanon,Lebanon,Middle East and North Africa,4.8390002251,0.0433711819,9.7202625275,0.7227749228,69.0526504517,0.638060689,-0.0186699592,0.8931606412,2.0989763737,1.5705947876,1.0256408453,0.8000108004,0.8394744992,0.3391585052,0.21854195,0.0458224267,0.2440443188,-1.0316832066,-0.5205527544,0.0690690726,,,,,,0.0983333364
020 Hungary,Hungary,Central and Eastern Europe,4.8000001907,0.0610719658,10.0124502182,0.8913596272,66.1464691162,0.6209511757,-0.1336637437,0.9220321774,2.0989763737,1.2407357693,1.1209445,1.2021455765,0.7590481043,0.321123451,0.1280009747,0.0275774226,0.2690374255,0.6945157051,0.6157408357,0.1346733719,0.3314343989,,0.2246153802,,0.2888421714,
129 Honduras,Honduras,Latin America and Caribbean,4.7880001068,0.056476213,8.4009542465,0.7871145606,63.8357772827,0.6971873045,-0.0037693323,0.8576745391,2.0989763737,1.8440752029,0.5953189135,0.95348382,0.69510144,0.4014836252,0.2302740365,0.0682474226,0.2799967825,-0.4541004896,-0.7566272616,0.128323108,,,,,,
185 Tajikistan,Tajikistan,Commonwealth of Independent States,4.7859997749,0.0319802538,7.7729196548,0.746090591,59.4521331787,0.7642370462,-0.0044485452,0.7271634936,2.0989763737,2.1139917374,0.3904713392,0.8556270003,0.5737873912,0.4721604586,0.2297392637,0.1507222354,,-1.2675946951,-1.0725206137,0.2930672169,,,,,,
190 Tunisia,Tunisia,Middle East and North Africa,4.7389998436,0.0358870961,9.2772254944,0.6407227516,65.3832473755,0.5655083656,-0.2145528793,0.8650643826,2.0989763737,2.1246554852,0.8811344504,0.6042870283,0.7379265428,0.2626813948,0.0643124804,0.063577503,0.3959794939,-0.4604038596,-0.1353996992,,,,,,,0.1551867276
039 Palestinian Territories,Palestinian Territories,Middle East and North Africa,4.7150001526,0.043942146,8.411239624,0.7754150629,62.5729904175,0.5487206578,-0.1533411145,0.7614632845,2.0989763737,2.0438375473,0.5986737013,0.9255763292,0.6601547599,0.2449855506,0.1125078872,0.129046917,0.4600246847,-1.4784091711,-0.4696621001,0.0921843722,,,,,,0.1580000073
011 Bangladesh,Bangladesh,South Asia,4.6939997673,0.0307736583,7.7945542336,0.5681019425,60.4584312439,0.7035622001,-0.0267024469,0.7667683959,2.0989763737,2.5176653862,0.3975279331,0.4310604334,0.6016359329,0.4082033634,0.2122175395,0.1256944239,0.716837585,-0.8830894232,-0.890473485,0.1206030175,,,0.2045901567,0.2326666713,,
026 Iran,Iran,Middle East and North Africa,4.6859998703,0.044491522,9.6686172485,0.6156460047,63.9423370361,0.6012220979,0.1874808073,0.8728992939,2.0989763737,1.6944043636,1.008795619,0.5444700122,0.6980504394,0.3003270924,0.3808558583,0.0586263314,0.7180573344,-1.4475624561,-0.9211611152,,,,,0.5542806983,0.1053618267,
077 Ukraine,Ukraine,Commonwealth of Independent States,4.6810002327,0.0441180281,9.0256223679,0.8916270137,63.0697441101,0.5546427369,-0.1022333652,0.9188120961,2.0989763737,1.571398735,0.7990684509,1.2027833462,0.6739020348,0.2512280047,0.1527478546,0.0296123121,0.2250783592,-0.1935915351,-0.7544298768,0.3112648129,,,0.2877979279,,0.2668148577,0.2350557148
131 Iraq,Iraq,Middle East and North Africa,4.6770000458,0.0523189083,9.5971794128,0.7306907177,60.4849739075,0.3163076639,-0.0686106682,0.747490406,2.0989763737,1.953347683,0.985494554,0.818892777,0.6023705006,0,0.1792208552,0.1378768981,0.4188734889,-1.5334665775,-1.2774418592,0.1847475767,,,,0.4642392695,0.391369611,0.3000000119
045 South Africa,South Africa,Sub-Saharan Africa,4.6420001984,0.045854684,9.3978919983,0.8840390444,48.7233123779,0.6313319206,-0.1441675127,0.825083375,2.0989763737,1.7195613384,0.9204925299,1.1846833229,0.2768753767,0.3320657313,0.119730778,0.0888429955,0.4538335204,0.2776796818,0.1577879488,0.1813627183,0.2903000712,0.28258726,0.1757287979,0.1151627526,,0.2328115255
040 Ghana,Ghana,Sub-Saharan Africa,4.632999897,0.0474163555,8.2484540939,0.6722703576,53.2201004028,0.7179990411,-0.0030127624,0.8967558146,2.0989763737,2.3091869354,0.5455775857,0.6795393229,0.4013206065,0.4234211743,0.2308697104,0.0435505025,0.469011426,0.2566697001,-0.0190886259,0.1610601395,,,,,0.0848010406,0.050309442
081 Zimbabwe,Zimbabwe,Sub-Saharan Africa,4.6100001335,0.0429029614,7.4066271782,0.8203477263,50.8144760132,0.5616489649,-0.055083856,0.8378216624,2.0989763737,2.441906929,0.2709968388,1.0327568054,0.3347467482,0.2586132288,0.1898712665,0.0807932019,0.4992507398,-1.1151157618,-1.4822118282,0.1452905834,,,,0.1166829392,,0.0829422697
140 Liberia,Liberia,Sub-Saharan Africa,4.5710000992,0.1106833592,6.7940807343,0.718442142,51.0769271851,0.5869734287,0.0131813297,0.8670553565,2.0989763737,2.7772855759,0.0712010637,0.7896755338,0.342009902,0.2853076458,0.2436202317,0.0623193346,0.353256166,-0.4174305201,-0.9313487411,0.1203610823,,,,,,
031 India,India,South Asia,4.5650000572,0.0204297788,8.5532436371,0.5474240184,57.3384399414,0.6937527061,0.0400215164,0.8312958479,2.0989763737,2.2751302719,0.6449915171,0.3817361891,0.5152925253,0.3978632092,0.264752984,0.0849171057,0.5800133348,-0.4464469254,-0.3309188783,0.2080237716,,0.3352000117,0.3284313679,0.3886113763,0.2068965584,0.3214963078
181 Sudan,Sudan,Sub-Saharan Africa,4.5500001907,0.0673969164,8.173327446,0.8125007153,52.0442771912,0.411947906,-0.0541380048,0.7336792946,2.0989763737,2.2085719109,0.5210733414,1.0140389204,0.3687805831,0.1008139774,0.1906159967,0.1466046572,,-2.0252051353,-1.4211997986,0.2919785976,,,,,,
128 Haiti,Haiti,Latin America and Caribbean,4.5180001259,0.0733073801,7.3935513496,0.6988813281,52.7558441162,0.5480237007,0.2903746665,0.6938814521,2.0989763737,2.2417285442,0.2667318583,0.7430160046,0.3884726465,0.2442508936,0.4618698955,0.1717544049,0.3616019189,-0.7941428423,-1.291967392,0.3080082238,,,,,,
107 Congo (Kinshasa),Congo (Kinshasa),Sub-Saharan Africa,4.5170001984,0.0368045233,6.5757880211,0.8071163297,42.2618560791,0.5307605863,0.0191708952,0.8450185061,2.0989763737,2.867123127,0,1.0011951923,0.0980594382,0.2260539234,0.2483361661,0.0762452409,0.317001909,-1.8165438175,-1.5313537121,0.3821464479,,,,,,
157 Nepal,Nepal,South Asia,4.513999939,0.0360671133,7.6794013977,0.749808073,59.2697944641,0.6794854999,0.1139429733,0.8722016215,2.0989763737,1.9563724995,0.359968245,0.8644945025,0.5687413216,0.3828242123,0.3229554594,0.0590672158,0.4805448949,-1.0406976938,-0.8540449739,0.16260162,,,,,,
060 Ethiopia,Ethiopia,Sub-Saharan Africa,4.5120000839,0.0378009677,7.160531044,0.6406264901,54.6377220154,0.7285083532,0.012704879,0.7275544405,2.0989763737,2.4487569332,0.1907270551,0.6040573716,0.4405522048,0.4344989955,0.243245095,0.1504751891,0.7284952402,-1.4062514305,-0.6903789043,,,,,,0.2252631634,
080 Sierra Leone,Sierra Leone,Sub-Saharan Africa,4.5069999695,0.0706847161,7.5882563591,0.7880471349,38.7185096741,0.703749299,-0.0233178549,0.8266425133,2.0989763737,2.5100898743,0.3302392662,0.9557083249,0,0.4084005952,0.2148824185,0.0878577232,0.5701364279,-0.3134469986,-0.9308412671,0.1584754288,,,,,,
062 Mauritania,Mauritania,Sub-Saharan Africa,4.4359998703,0.0394691527,7.9678931236,0.75172925,51.6814231873,0.5461951494,-0.0180929657,0.6893603206,2.0989763737,2.1177341938,0.4540663064,0.8690772057,0.3587388694,0.2423234284,0.2189962566,0.174611479,0.4201588631,-1.0343376398,-0.7578741312,0.2860147357,,,,,,
036 Kenya,Kenya,Sub-Saharan Africa,4.4190001488,0.047335539,7.6939353943,0.8060966134,53.6908950806,0.7167963982,0.1805825531,0.8732760549,2.0989763737,1.7855489254,0.3647088408,0.9987627864,0.4143494964,0.4221534729,0.3754244745,0.0583882406,0.548849225,-0.7960309982,-0.7042585611,0.1073219627,,,,,,
112 Djibouti,Djibouti,Sub-Saharan Africa,4.368999958,0.0809579268,7.9255371094,0.6355993748,51.8321266174,0.7534070611,-0.0664450303,0.5209321976,2.0989763737,2.0512490273,0.4402509332,0.5920659304,0.362909466,0.4607446194,0.1809259951,0.281047523,0.6886036992,-0.6247425675,-0.673432529,0.5545545816,,,,,,
088 Armenia,Armenia,Commonwealth of Independent States,4.3499999046,0.0476256683,8.9310207367,0.713175714,65.0931167603,0.5045957565,-0.1964660734,0.9039493203,2.0989763737,1.7587256432,0.7682119608,0.7771132588,0.7298973799,0.198473677,0.0785532221,0.0390046574,0.2536832988,-0.2317826599,-0.1581452489,0.1725206673,,,0.2349999994,,,0.1091358066
057 Botswana,Botswana,Sub-Saharan Africa,4.3319997787,0.0493398681,9.6218624115,0.8504810333,40.4443054199,0.7858566046,-0.1633775234,0.7682739496,2.0989763737,1.4618105888,0.9935454726,1.1046354771,0.0477600954,0.4949495494,0.1046056673,0.1247429997,0.6750016212,0.8029232621,0.6829680204,0.0801603198,,,,,,
054 Myanmar,Myanmar,Southeast Asia,4.3070001602,0.0435059071,7.406867981,0.6846421361,56.152130127,0.7338889837,0.7145985961,0.6644782424,2.0989763737,1.4180457592,0.2710753679,0.7090504766,0.4824623168,0.4401707053,0.7958849072,0.190335393,,-1.3041392565,-1.4672870636,,,,,,,
072 Georgia,Georgia,Commonwealth of Independent States,4.2969999313,0.0422064699,8.8503484726,0.5490518212,65.0702285767,0.7012575269,-0.2257873267,0.3591126204,2.0989763737,1.5954079628,0.7418988943,0.3856190741,0.7292639613,0.4057740271,0.055466976,0.3833073676,0.5926126242,-0.3447681665,0.3666346967,0.1610256433,,,0.1767928302,,0.1765886247,
044 Malawi,Malawi,Sub-Saharan Africa,4.2919998169,0.0613015331,6.6249556541,0.5598340631,46.8711853027,0.7247501016,0.1245126054,0.8552657962,2.0989763737,2.8079071045,0.016037127,0.4113385677,0.2256191522,0.4305374622,0.3312775195,0.0697695985,0.5781139135,-0.1182304695,-0.4764124453,0.3413413465,,,,,,
049 Sri Lanka,Sri Lanka,South Asia,4.2709999084,0.0375051573,9.1365098953,0.814602375,64.304145813,0.8259974122,0.2223076969,0.8204274178,2.0989763737,0.6710786819,0.835236907,1.0190520287,0.7080631852,0.5372617841,0.408277005,0.0917852744,0.7701670527,-0.6521812677,-0.1755834073,0.148260206,,,,,,
079 Cameroon,Cameroon,Sub-Saharan Africa,4.251999855,0.0467845611,7.8711137772,0.7595242858,47.1748771667,0.7840926051,-0.0343698412,0.8741165996,2.0989763737,1.9507083893,0.4224995673,0.8876711726,0.2340236008,0.4930901229,0.2061805427,0.0578570701,0.5832268,-0.8022688627,-1.0238581896,0.1283851564,,,,,,
099 Bulgaria,Bulgaria,Central and Eastern Europe,4.2179999352,0.048275467,9.6789188385,0.8511115313,66.4153900146,0.6064804792,-0.1448281109,0.9518718123,2.0989763737,0.8999073505,1.0121557713,1.1061394215,0.7664902806,0.3058699369,0.1192106456,0.0087206392,0.2187732011,0.3578709066,0.0800516605,0.2184696496,,,0.2369402945,,0.1965706795,
002 Egypt,Egypt,Middle East and North Africa,4.1939997673,0.0326037444,9.279253006,0.7005515099,61.0178909302,0.4803157151,-0.1528342515,0.86559093,2.0989763737,1.5992715359,0.881795764,0.746999979,0.617118597,0.1728801876,0.1129069701,0.06324476,0.5616325736,-1.109443903,-0.570723176,0.2559190094,,,,0.374666661,0.1850128025,0.2150088996
197 Yemen,Yemen,Middle East and North Africa,4.0770001411,0.0436702222,8.2512569427,0.672852993,53.1956596375,0.6537606716,-0.1802594215,0.8413825035,2.0989763737,1.9231288433,0.5464918017,0.6809291244,0.400644213,0.3557077944,0.0913136154,0.0785429701,0.4453756809,-1.9122861624,-1.1173171997,0.2510040104,,,,,,0.3849999905
056 Angola,Angola,Sub-Saharan Africa,4.0329999924,0.0475761406,8.8990516663,0.7480908036,44.7467536926,0.4148216546,-0.1394588798,0.8529775739,2.0989763737,1.9493906498,0.7577845454,0.8603982329,0.1668271124,0.1038431823,0.1234381422,0.0712156072,0.4538759291,-0.7306688428,-1.143026948,,,,,,,
061 Mali,Mali,Sub-Saharan Africa,3.9949998856,0.0560195558,7.3751964569,0.821398139,46.156085968,0.684941113,-0.0574836098,0.770213306,2.0989763737,1.7929298878,0.2607449889,1.0352624655,0.2058293223,0.3885749578,0.1879818141,0.1235174462,0.5458222628,-1.2621355057,-0.716403842,0.4657947719,,,,,0.1715575606,
108 Congo Brazzaville,Congo (Brazzaville),Sub-Saharan Africa,3.989000082,0.0668162331,8.6564702988,0.6652927995,49.9386672974,0.7096888423,-0.1388937384,0.7807557583,2.0989763737,1.6813538074,0.6786612272,0.6628953815,0.3105094135,0.4146614373,0.1238831058,0.1168552786,0.5237450004,-0.8170567155,-1.2219837904,,,,,,,
106 Comoros,Comoros,Sub-Saharan Africa,3.9560000896,0.0479713865,7.3087034225,0.7197234035,51.840839386,0.5337129831,-0.074720189,0.6507619023,2.0989763737,1.9581212997,0.2390567958,0.7927318215,0.3631505966,0.2291660309,0.1744104922,0.1990032643,0.4651893973,-0.4597001672,-1.181135416,0.3495440781,,,,,,
041 Uganda,Uganda,Sub-Saharan Africa,3.9309999943,0.0431733653,7.2227549553,0.8623663783,50.9541893005,0.7501148582,0.0729292631,0.8506814837,2.0989763737,1.4276628494,0.2110227793,1.1329863071,0.3386132121,0.4572743177,0.2906630933,0.0726665929,0.5182372928,-0.691686511,-0.530418098,0.2072800845,,,,0.0758722275,,
066 Senegal,Senegal,Sub-Saharan Africa,3.9040000439,0.0360785089,7.6947517395,0.7966319323,54.4516029358,0.6651553512,-0.0315191969,0.7961406708,2.0989763737,1.4439473152,0.3649751246,0.9761861563,0.4354014993,0.3677188754,0.2084250301,0.1071329787,0.641851306,-0.0779729262,-0.2994678319,0.2691532373,,,,,,
122 Gabon,Gabon,Sub-Saharan Africa,3.8959999084,0.0454738587,9.8263235092,0.7669052482,54.3909072876,0.619073987,-0.2095951736,0.7901688218,2.0989763737,0.9989507198,1.0602350235,0.9052773714,0.4337217808,0.319144696,0.0682159513,0.1109068096,0.3653640449,-0.2732301652,-0.5713312626,,,,,,,
064 Niger,Niger,Sub-Saharan Africa,3.8450000286,0.0360156633,6.7885570526,0.7113036513,49.4530639648,0.7687488794,-0.0500105545,0.7181922197,2.0989763737,1.8787677288,0.0693993941,0.7726476789,0.2970707119,0.4769163728,0.1938657612,0.1563915163,0.5833221078,-0.7839484215,-0.684004128,0.3895582259,,,,,,
052 Cambodia,Cambodia,Southeast Asia,3.8190000057,0.0506894886,7.9872508049,0.6503939629,60.8017807007,0.9447667003,0.2163566351,0.8509916067,2.0989763737,0.9819471836,0.4603802562,0.6273562908,0.611137867,0.6624560356,0.4035913646,0.0724706203,,-0.5554133654,-0.7975024581,0.1018054187,,,,,,
037 Tanzania,Tanzania,Sub-Saharan Africa,3.7809998989,0.0506060757,7.450170517,0.8077374697,52.5274391174,0.6282151341,0.1403827965,0.8747341037,2.0989763737,1.3807945251,0.2851994634,1.0026768446,0.3821517229,0.3287803531,0.3437729776,0.057466846,0.5259464979,-0.0979894996,-0.6290735602,0.2811245024,,,,0.078125,,
043 Madagascar,Madagascar,Sub-Saharan Africa,3.6809999943,0.0363275632,7.2142386436,0.6674381495,55.6009483337,0.4983018041,-0.0252851509,0.8371158838,2.0989763737,1.8510030508,0.2082449943,0.6680127978,0.4672087729,0.1918392479,0.2133334428,0.0812392086,0.4195685983,-0.7075876594,-0.7901859879,,,,,,,
102 Central African Republic,Central African Republic,Sub-Saharan Africa,3.6779999733,0.0611170568,6.8164620399,0.3873909116,41.1392364502,0.7800177932,0.0064861551,0.8344988823,2.0989763737,2.7222967148,0.078501232,0,0.0669917911,0.488794893,0.2383487374,0.0828929842,0.7838582397,-1.5649666786,-1.222350359,0.3790322542,,,,,,
103 Chad,Chad,Sub-Saharan Africa,3.6670000553,0.038302131,7.6240944862,0.7062606215,44.1423339844,0.5392531753,-0.0627166256,0.8822975755,2.0989763737,1.9429600239,0.3419286609,0.7606182694,0.1501002461,0.2350059152,0.1838615686,0.0526872054,0.3268741667,-1.196557045,-1.3190947771,0.2393939346,,,,,,
125 Guinea,Guinea,Sub-Saharan Africa,3.6559998989,0.0359026268,7.1097612381,0.5822253227,47.3940849304,0.6741999388,0.0677271262,0.7735809684,2.0989763737,1.9917161465,0.1741673499,0.4647497237,0.2400900126,0.3772527277,0.2865671515,0.1213892996,0.5504683852,-1.1820168495,-1.2092448473,,,,,,,
134 Ivory Coast,Ivory Coast,Sub-Saharan Africa,3.6549999714,0.0514061861,8.0024690628,0.7106756568,44.2055702209,0.760915637,-0.0401221663,0.6820734739,2.0989763737,1.4172255993,0.4653440118,0.7711496949,0.1518502682,0.4686593711,0.2016514242,0.1792163104,0.6013382673,-1.027140379,-0.972917974,0.1220000014,,,,,,
078 Burkina Faso,Burkina Faso,Sub-Saharan Africa,3.5869998932,0.043236915,7.3671340942,0.7445214391,48.5199127197,0.6909654737,-0.0200368762,0.7626139522,2.0989763737,1.4649381638,0.2581152618,0.8518840075,0.2712464333,0.3949252069,0.2174656987,0.1283197701,0.5987932086,-0.4810935259,-0.4260624349,0.2775551081,,,,,0.1435341835,
070 Afghanistan,Afghanistan,South Asia,3.5750000477,0.0308378283,7.5563149452,0.5143542886,49.6801147461,0.5384295583,0.1674745083,0.8118773699,2.0989763737,1.9521012306,0.3198208511,0.3028530478,0.3033541739,0.2341377437,0.3651037812,0.0971883684,0.4428534508,-1.8683662415,-1.4342654943,0.2731253505,,,,,,
065 Rwanda,Rwanda,Sub-Saharan Africa,3.4649999142,0.0346427076,7.2566475868,0.7117453814,54.2074012756,0.8779331446,-0.0088435085,0.0923075676,2.0989763737,0.6704182625,0.222077623,0.7737013698,0.4286434054,0.592007041,0.2262788564,0.5519114733,,-0.7248710394,0.0577352196,0.3233233094,,,,,0.0485695265,0.1663392335
042 Benin,Benin,Sub-Saharan Africa,3.3399999142,0.0365566164,7.4546327591,0.5357385278,50.2490081787,0.7759398222,-0.0643189177,0.8389189839,2.0989763737,1.6332790852,0.2866549194,0.3538621068,0.3190978467,0.4844963253,0.1825999916,0.0800997615,0.5682483912,0.1898782253,-0.6206037998,,,,,,,
007 Syria,Syria,Middle East and North Africa,3.006000042,0.050150115,8.6090650558,0.5864765644,64.8052902222,0.4650992751,0.3029736578,0.6664972305,2.0989763737,0.328578949,0.6631988883,0.4748904705,0.721931994,0.1568406075,0.4717897773,0.1890595257,,-2.2382934093,-1.264221549,0.099250935,,,,,,
100 Burundi,Burundi,Sub-Saharan Africa,2.9049999714,0.0865767151,6.6227049828,0.5617325902,46.8112678528,0.4287222624,-0.045688577,0.8064472079,2.0989763737,1.833019495,0.0153030194,0.4158672392,0.2239609808,0.1184957549,0.1972686946,0.1006198898,,-1.3079819679,-1.2105864286,0.3747495115,,,,,,
187 Togo,Togo,Sub-Saharan Africa,2.8389999866,0.0672731772,7.2155585289,0.4460593462,48.9962997437,0.6621285081,-0.0843752101,0.7958552837,2.0989763737,1.567257762,0.2086755037,0.1399451941,0.2844300866,0.3645282984,0.1668085754,0.1073133275,0.4749735296,-0.7186484933,-1.0229887962,,,,,,,
